0;;;;;;;;;
Number of Curves;Number of Points;LogXScale;LogYScale;Number of X;opt;;;;
1;100;0;0;1;0;;;;
X-Axis;Unit;Min;Max;;;;;;
Temperature;C;0;30;;;;;;
Legends;x2;x3;x4;opt1;Opt2;;;;
Current;;;;;;;;;
Water Uptake Function;Degree of potential Uptake (-);;;;;;;;
4;CritThresholdDry;AirMinContent;AirRedCoef;DemandRelCoef;NonDemandRelCoef;;;;
0;;;;;;;;;
Number of Curves;Number of Points;LogXScale;LogYScale;Number of X;opt;;;;
2;100;1;0;3;0;;;;
X-Axis;Unit;Min;Max;;;;;;
Pressure head;pF;0;4,2;;;;;;
Legends;x2;x3;x4;opt1;Opt2;;;;
Low demand 2 mm/day;2;0;0,5;;;;;;
High demand 6 mm/day;6;0;0,5;;;;;;
Measured Water Retention Curve;Pressure head, pF, log(cm water);;;;;;;;
0;;;;;;;;;
6;m-value;n-value;Alpha;Lambda;Air Entry;Saturation;Residual Water;Macro Pore;
Number of Curves;Number of Points;LogXScale;LogYScale;Number of X;opt;;;;
1;400;0;1;1;0;;;;
X-Axis;Unit;Min;Max;MaxPar;;;;;
Water Content; (vol %);0;60;Saturation;;;;;
Legends;x2;x3;x4;opt1;Opt2;;;;
Current;;;;;;;;;
Water Retention Curve;Pressure head, pF, log(cm water);;;;;;;;
0;;;;;;;;;
6;m_m-value;m_n-value;mAlpha;mLambda;mAir Entry;mSaturation;mResidual Water;mMacro Pore;
Number of Curves;Number of Points;LogXScale;LogYScale;Number of X;opt;;;;
1;400;0;1;1;0;;;;
X-Axis;Unit;Min;Max;MaxPar;;;;;
Water Content; (vol %);0;60;mSaturation;;;;;
Legends;x2;x3;x4;opt1;Opt2;;;;
Current;;;;;;;;;
Unsaturated Conductivity Theta Function;Hydraulic Conductivity (mm/day);;;;;;;;
1;MinimumCondValue;;;;;;;;
6;m_m-value;m_n-value;mAlpha;mLambda;mAir Entry;bMatrix Conductivity;bTotal Conductivity;bMacro Pore;b_n Tortuosity
Number of Curves;Number of Points;LogXScale;LogYScale;Number of X;opt;;;;
1;400;0;1;2;0;;;;
X-Axis;Unit;Min;Max;MaxPar;;;;;
Water Content; (vol %);0;60;mSaturation;;;;;
Legends;x2;x3;x4;opt1;Opt2;;;;
Current;10;;;;;;;;
Unsaturated Conductivity Psi Function;Hydraulic Conductivity (mm/day);;;;;;;;
1;MinimumCondValue;;;;;;;;
6;m_m-value;m_n-value;mAlpha;mLambda;mAir Entry;bMatrix Conductivity;bTotal Conductivity;bMacro Pore;b_n Tortuosity
Number of Curves;Number of Points;LogXScale;LogYScale;Number of X;opt;;;;
1;400;0;1;2;0;;;;
X-Axis;Unit;Min;Max;MaxPar;;;;;
Pressure head;cm water;0;400;mSaturation;;;;;
Legends;x2;x3;x4;opt1;Opt2;;;;
Current;10;0;;;;;;;
Measured Unsaturated Conductivity Theta Function;Hydraulic Conductivity (mm/day);;;;;;;;
1;MinimumCondValue;;;;;;;;
6;m_m-value;m_n-value;mAlpha;mLambda;mAir Entry;Matrix Conductivity;Total Conductivity;Macro Pore;n Tortuosity
Number of Curves;Number of Points;LogXScale;LogYScale;Number of X;opt;;;;
1;400;0;1;2;0;;;;
X-Axis;Unit;Min;Max;MaxPar;;;;;
Water Content; (vol %);0;60;mSaturation;;;;;
Legends;x2;x3;x4;opt1;Opt2;;;;
Current;10;0;;;;;;;
Measured Unsaturated Conductivity Psi Function;Hydraulic Conductivity (mm/day);;;;;;;;
1;MinimumCondValue;;;;;;;;
6;m_m-value;m_n-value;mAlpha;mLambda;mAir Entry;Matrix Conductivity;Total Conductivity;Macro Pore;n Tortuosity
Number of Curves;Number of Points;LogXScale;LogYScale;Number of X;opt;;;;
1;400;0;1;2;0;;;;
X-Axis;Unit;Min;Max;MaxPar;;;;;
Pressure head;cm water;0;400;;;;;;
Legends;x2;x3;x4;opt1;Opt2;;;;
Current;10;0;;;;;;;
Below Canopy Aerodynamic Resistance Function;Aerodynamic Resistance  (s/m);;;;;;;;
1;RaIncreaseWithLAI;;;;;;;;
0;;;;;;;;;
Number of Curves;Number of Points;LogXScale;LogYScale;Number of X;opt;;;;
1;100;0;0;0;0;;;;
X-Axis;Unit;Min;Max;;;;;;
Leaf Area Index;;0;10;;;;;;
Legends;x2;x3;x4;opt1;Opt2;;;;
Current;;;;;;;;;
Gas Liquid Phase Function;Relative humidity (-);;;;;;;;
1;EquilAdjustPsi;;;;;;;;
0;;;;;;;;;
Number of Curves;Number of Points;LogXScale;LogYScale;Number of X;opt;;;;
3;100;1;0;3;0;;;;
X-Axis;Unit;Min;Max;;;;;;
Pressure head, pF, Log (-cm water);Log(-cm water);0;6;;;;;;
Legends;x2;x3;x4;opt1;Opt2;;;;
1 mm Excess;20;1;;;;;;;
Equilibrium;20;0;;;;;;;
1 mm Deficit;20;-1;;;;;;;
Soil Surface Resistance 1 par Function;Resistance (s/m);;;;;;;;
1;PsiRs_1p;;;;;;;;
0;;;;;;;;;
Number of Curves;Number of Points;LogXScale;LogYScale;Number of X;opt;;;;
1;100;1;0;2;0;;;;
X-Axis;Unit;Min;Max;;;;;;
Pressure head, pF, Log (-cm water);Log(-cm water);0;6;;;;;;
Legends;x2;x3;x4;opt1;Opt2;;;;
Equilibrium;20;0;;;;;;;
Soil Surface Resistance 3 par Function;Resistance (s/m);;;;;;;;
3;PsiRs_3pf1;PsiRs_3pf2;PsiRs_3pf3;;;;;;
0;;;;;;;;;
Number of Curves;Number of Points;LogXScale;LogYScale;Number of X;opt;;;;
1;100;0;0;2;0;;;;
X-Axis;Unit;Min;Max;;;;;;
Pressure head, pF, Log (-cm water);Log(-cm water);0;6;;;;;;
Legends;x2;x3;x4;opt1;Opt2;;;;
Equilibrium;20;0;;;;;;;
Soil Surface Aerodynamic Function;Resistance (s/m);;;;;;;;
1;RoughLBareSoilMom;;;;;;;;
0;;;;;;;;;
Number of Curves;Number of Points;LogXScale;;;;;;;
1;100;0;1;2;0;;;;
X-Axis;Unit;Min;Max;;;;;;
Wind Speed;m/s;0;20;;;;;;
Legends;x2;x3;;;;;;;
Current;20;0;;;;;;;
Soil Surface Aerodynamic Resistance Function;Resistance (s/m);;;;;;;;
3;RoughLBareSoilMom;KBMinusOne;ReferenceHeight;ReferenceHeightTemp;;;;;
0;;;;;;;;;
Number of Curves;Number of Points;LogXScale;;;;;;;
1;100;0;1;2;0;;;;
X-Axis;Unit;Min;Max;;;;;;
Wind Speed;m/s;0;20;;;;;;
Legends;x2;x3;;;;;;;
Current;20;0;;;;;;;
Analytical Atmosphere Stability Function;Stability Factor (-);;;;;;;;
3;RoughLBareSoilMom;;;;;;;;
0;;;;;;;;;
Number of Curves;Number of Points;LogXScale;;;;;;;
3;100;0;1;2;0;;;;
X-Axis;Unit;Min;Max;;;;;;
Wind Speed;m/s;0;4;;;;;;
Legends;x2;x3;x4;opt1;Opt2;;;;
Stable -1;2;1;20;;;;;;
Neutral 0 C;2;0;20;;;;;;
Unstable -1 C;2;-1;20;;;;;;
Root Depth Day Number Function;Root Depth (m);;;;;;;;
3;RoughLBareSoilMom;;;;;;;;
0;;;;;;;;;
Number of Curves;Number of Points;LogXScale;;;;;;;
1;100;0;1;2;0;;;;
X-Axis;Unit;Min;Max;;;;;;
Wind Speed;m/s;0;20;;;;;;
Legends;x2;x3;x4;opt1;Opt2;;;;
Current;2;;;;;;;;
Root Depth Day Number Function;Root Depth (m);;;;;;;;
3;pRoot Depth;;;;;;;;
0;;;;;;;;;
Number of Curves;Number of Points;LogXScale;;;;;;;
1;100;0;1;2;0;;;;
X-Axis;Unit;Min;Max;;;;;;
DayNumber;#;0;365;;;;;;
Legends;x2;x3;x4;opt1;Opt2;;;;
Current;2;;;;;;;;
Leaf Area Index DayNumber Function;Leaf Area Index(-);;;;;;;;
3;LeafAreaIndex;;;;;;;;
0;;;;;;;;;
Number of Curves;Number of Points;LogXScale;;;;;;;
1;100;0;1;2;0;;;;
X-Axis;Unit;Min;Max;;;;;;
DayNumber;#;0;365;;;;;;
Legends;x2;x3;x4;opt1;Opt2;;;;
Current;2;;;;;;;;
Leaf Area Index Function;Leaf Area Index  (-);;;;;;;;
0;;;;;;;;;
8;lStart Value;lOptimum Value;lEnd Value;Start DayNo;Optimum DayNo;End DayNo;Shape Start;Shape End;
Number of Curves;Number of Points;LogXScale;;;;;;;
1;100;0;1;2;0;;;;
X-Axis;Unit;Min;Max;;;;;;
DayNumber;#;0;365;;;;;;
Legends;x2;x3;x4;opt1;Opt2;;;;
Current;2;;;;;;;;
Common Temperature Response;Response (-);;;;;;;;
5;TemQ10;TemQ10Bas;TemQ10Threshold;TempMax;TempMin;;;;
0;;;;;;;;;
Number of Curves;Number of Points;LogXScale;LogYScale;Number of X;opt;;;;
1;100;0;0;1;0;;;;
X-Axis;Unit;Min;Max;;;;;;
Temperature;C;0;30;;;;;;
Legends;x2;x3;x4;opt1;Opt2;;;;
Current;;;;;;;;;
Common Soil Moisture Response;Response (-);;;;;;;;
4;SaturationActivity;ThetaUpperRange;ThetaLowerRange;ThetaPowerCoef;;;;;
0;;;;;;;;;
Number of Curves;Number of Points;LogXScale;LogYScale;Number of X;opt;;;;
1;100;0;0;1;1;;;;
X-Axis;Unit;Min;Max;;;;;;
Soil Water Content;C;0;60;;;;;;
Legends;x2;x3;x4;opt1;Opt2;;;;
Current;;;;1;;;;;
Plant Respiration Temperature Function;Response (-);;;;;;;;
3;RespTemQ10;RespTemQ10Bas;RespTemQ10Threshold;;;;;;
0;;;;;;;;;
Number of Curves;Number of Points;LogXScale;LogYScale;Number of X;opt;;;;
1;100;0;0;1;0;;;;
X-Axis;Unit;Min;Max;;;;;;
Temperature;C;0;30;;;;;;
Legends;x2;x3;x4;opt1;Opt2;;;;
Current;;;;;;;;;
Empirical Drainage Equation;Discharge Rate (mm/day);;;;;;;;
4;EmpGFLevBase;EmpGFLevPeak;EmpGFLowbase;EmpGFlowPeak;;;;;
0;;;;;;;;;
Number of Curves;Number of Points;LogXScale;LogYScale;Number of X;opt;;;;
1;100;0;0;1;0;;;;
X-Axis;Unit;Min;Max;;;;;;
Ground Water Depth;m;-2;0;;;;;;
Legends;x2;x3;x4;opt1;Opt2;;;;
Current;;;;;;;;;
Physical Based Drainage Equation;Discharge Rate (mm/day);;;;;;;;
4;DrainLevel;DrainSpacing;DLayer;RadiusPipe;;;;;
0;;;;;;;;;
Number of Curves;Number of Points;LogXScale;LogYScale;Number of X;opt;;;;
1;100;0;0;1;0;;;;
X-Axis;Unit;Min;Max;;;;;;
Ground Water Depth;m;-2;0;;;;;;
Legends;x2;x3;x4;opt1;Opt2;;;;
Current;;;;;;;;;
Bottom Boundary Seepage Equation;Discharge Rate (mm/day);;;;;;;;
2;DrainLevelLowerB;DrainSpacingLowerB;;;;;;;
0;;;;;;;;;
Number of Curves;Number of Points;LogXScale;LogYScale;Number of X;opt;;;;
1;100;0;0;1;0;;;;
X-Axis;Unit;Min;Max;;;;;;
Ground Water Depth;m;-2;0;;;;;;
Legends;x2;x3;x4;opt1;Opt2;;;;
Current;;;;;;;;;
Ditch Level Function;Ditch Level;;;;;;;;
0;;;;;;;;;
0;;;;;;;;;
Number of Curves;Number of Points;LogXScale;LogYScale;Number of X;opt;;;;
1;100;0;0;1;0;;;;
X-Axis;Unit;Min;Max;;;;;;
RunOff Rate;mm/day;0;20;;;;;;
Legends;x2;x3;x4;opt1;Opt2;;;;
Current;;;;;;;;;
Frozen Clay Type Soil;Thermal Conductivity (W/m/K);;;;;;;;
4;ClayFrozenC1;ClayFrozenC2;ClayFrozenC3;ClayFrozenC4;;;;;
0;;;;;;;;;
Number of Curves;Number of Points;LogXScale;LogYScale;Number of X;opt;;;;
1;100;0;0;2;0;;;;
X-Axis;Unit;Min;Max;;;;;;
Water Content; (vol %);0;60;Saturation;;;;;
Legends;x2;x3;x4;opt1;Opt2;;;;
Current;1;;;;;;;;
Frozen Sand Type Soil;Thermal Conductivity (W/m/K);;;;;;;;
4;SandFrozenC1;SandFrozenC2;SandFrozenC3;SandFrozenC4;;;;;
0;;;;;;;;;
Number of Curves;Number of Points;LogXScale;LogYScale;Number of X;opt;;;;
1;100;0;0;2;0;;;;
X-Axis;Unit;Min;Max;;;;;;
Water Content; (vol %);0;60;Saturation;;;;;
Legends;x2;x3;x4;opt1;Opt2;;;;
Current;1;;;;;;;;
Clay Type Soil;Thermal Conductivity (W/m/K);;;;;;;;
3;ClayUnFrozenC1;ClayUnFrozenC2;ClayUnFrozenC3;;;;;;
0;;;;;;;;;
Number of Curves;Number of Points;LogXScale;LogYScale;Number of X;opt;;;;
1;100;0;0;2;0;;;;
X-Axis;Unit;Min;Max;;;;;;
Water Content; (vol %);0;60;Saturation;;;;;
Legends;x2;x3;x4;opt1;Opt2;;;;
Current;0;;;;;;;;
Sand Type Soil;Thermal Conductivity (W/m/K);;;;;;;;
3;SandUnFrozenC1;SandUnFrozenC2;SandUnFrozenC3;;;;;;
0;;;;;;;;;
Number of Curves;Number of Points;LogXScale;LogYScale;Number of X;opt;;;;
1;100;0;0;2;0;;;;
X-Axis;Unit;Min;Max;;;;;;
Water Content; (vol %);0;60;Saturation;;;;;
Legends;x2;x3;x4;opt1;Opt2;;;;
Current;0;;;;;;;;
Organic Type Soil;Thermal Conductivity (W/m/K);;;;;;;;
2;OrganicC1;OrganicC2;;;;;;;
0;;;;;;;;;
Number of Curves;Number of Points;LogXScale;LogYScale;Number of X;opt;;;;
1;100;0;0;2;0;;;;
X-Axis;Unit;Min;Max;;;;;;
Water Content; (vol %);0;60;Saturation;;;;;
Legends;x2;x3;x4;opt1;Opt2;;;;
Current;0;;;;;;;;
Frozen Organic Type Soil;Thermal Conductivity (W/m/K);;;;;;;;
1;OrganicFrozenC;;;;;;;;
0;;;;;;;;;
Number of Curves;Number of Points;LogXScale;LogYScale;Number of X;opt;;;;
1;100;0;0;2;0;;;;
X-Axis;Unit;Min;Max;;;;;;
Water Content; (vol %);0;60;Saturation;;;;;
Legends;x2;x3;x4;opt1;Opt2;;;;
Current;1;;;;;;;;
Thermal Conductivity of Snow;Thermal Conductivity (W/m/K);;;;;;;;
1;SThermalCondCoef;;;;;;;;
0;;;;;;;;;
Number of Curves;Number of Points;LogXScale;LogYScale;Number of X;opt;;;;
1;100;0;0;1;0;;;;
X-Axis;Unit;Min;Max;;;;;;
Snow Density;Kg/m3;0;1000;Saturation;;;;;
Legends;x2;x3;x4;opt1;Opt2;;;;
Current;1;;;;;;;;
Snow Melt Air Temp Function;Snow Melt (mm/day);;;;;;;;
1;MeltCoefAirTemp;;;;;;;;
0;;;;;;;;;
Number of Curves;Number of Points;LogXScale;LogYScale;Number of X;opt;;;;
1;100;0;0;1;0;;;;
X-Axis;Unit;Min;Max;;;;;;
Air Temperature;C;0;10;;;;;;
Legends;x2;x3;x4;opt1;Opt2;;;;
Current;0;;;;;;;;
Snow Melt Global Radiation Function;Snow Melt (mm/day);;;;;;;;
1;MeltCoefGlobRad;;;;;;;;
0;;;;;;;;;
Number of Curves;Number of Points;LogXScale;LogYScale;Number of X;opt;;;;
1;100;0;0;1;0;;;;
X-Axis;Unit;Min;Max;;;;;;
Global Radiation;J/m2/day;0;3,00E+07;;;;;;
Legends;x2;x3;x4;opt1;Opt2;;;;
Current;0;;;;;;;;
Air Temperature Year Function;Air Temperature (C);;;;;;;;
3;TempAirMean;TempAirAmpl;TempAirPhase;;;;;;
0;;;;;;;;;
Number of Curves;Number of Points;LogXScale;LogYScale;Number of X;opt;;;;
1;100;0;0;1;0;;;;
X-Axis;Unit;Min;Max;;;;;;
DayNumber;#;0;365;;;;;;
Legends;x2;x3;x4;opt1;Opt2;;;;
Current;365,2422;;;;;;;;
Air Temperature Within Day Function;Air Temperature (C);;;;;;;;
3;TempAirMean;TempAirAmpl;TempAirPhase;;;;;;
0;;;;;;;;;
Number of Curves;Number of Points;LogXScale;LogYScale;Number of X;opt;;;;
1;100;0;0;1;0;;;;
X-Axis;Unit;Min;Max;;;;;;
Fraction of Day;#;0;1,00E+00;;;;;;
Legends;x2;x3;x4;opt1;Opt2;;;;
Current;1;;;;;;;;
Angstroms Short Wave Equation ;Fraction of Solar Constant;;;;;;;;
2;RadFracAng1;RadFracAng2;;;;;;;
0;;;;;;;;;
Number of Curves;Number of Points;LogXScale;LogYScale;Number of X;opt;;;;
1;100;0;0;1;0;;;;
X-Axis;Unit;Min;Max;;;;;;
Rel fraction of Bright Sunshine ;(-);0;1,00E+00;;;;;;
Legends;x2;x3;x4;opt1;Opt2;;;;
Current;;;;;;;;;
Beer's Law ;Degree of penetrated Radiation (-);;;;;;;;
1;RntLAI;;;;;;;;
0;;;;;;;;;
Number of Curves;Number of Points;LogXScale;LogYScale;Number of X;opt;;;;
1;100;0;0;1;0;;;;
X-Axis;Unit;Min;Max;;;;;;
Leaf Area Index;(-);0;1,00E+01;;;;;;
Legends;x2;x3;x4;opt1;Opt2;;;;
Current;;;;;;;;;
Bare Soil Albedo Function;Albedo (%);;;;;;;;
3;AlbedoDry;AlbedoKExp;AlbedoWet;;;;;;
0;;;;;;;;;
Number of Curves;Number of Points;LogXScale;LogYScale;Number of X;opt;;;;
1;100;1;0;1;0;;;;
X-Axis;Unit;Min;Max;;;;;;
Pressure head, pF, Log (-cm water);(-);1;6,00E+00;;;;;;
Legends;x2;x3;x4;opt1;Opt2;;;;
Current;;;;;;;;;
Snow Age Albedo Function;Albedo (%);;;;;;;;
3;AlbSnowMin;AlbSnowCoef_1;AlbSnowCoef_2;;;;;;
0;;;;;;;;;
Number of Curves;Number of Points;LogXScale;LogYScale;Number of X;opt;;;;
1;100;0;0;1;0;;;;
X-Axis;Unit;Min;Max;;;;;;
Snow Age;(days);1;100;;;;;;
Legends;x2;x3;x4;opt1;Opt2;;;;
Current;;;;;;;;;
Snow Age Albedo TempSum Function;Albedo (%);;;;;;;;
1;AlbSnowCoef_3;;;;;;;;
0;;;;;;;;;
Number of Curves;Number of Points;LogXScale;LogYScale;Number of X;opt;;;;
1;100;0;0;1;0;;;;
X-Axis;Unit;Min;Max;;;;;;
TempSum ;(Degreedays);1;100;;;;;;
Legends;x2;x3;x4;opt1;Opt2;;;;
Current;10;;;;;;;;
Net Long Wave Radiation;Long wave Radiation (J/m2/day);;;;;;;;
4;BruntAirCoef_1;BruntAirCoef_2;BruntAirCoef_3;;;;;;
0;;;;;;;;;
Number of Curves;Number of Points;LogXScale;LogYScale;Number of X;opt;;;;
1;100;0;0;0;0;;;;
X-Axis;Unit;Min;Max;;;;;;
Air Temperature;©;0;3,00E+01;;;;;;
Legends;x2;x3;x4;opt1;Opt2;;;;
Current;1;1;;;;;;;
Canopy Height Function;Height  (m);;;;;;;;
0;;;;;;;;;
8;hStart Value;hOptimum Value;hEnd Value;Start DayNo;Optimum DayNo;End DayNo;Shape Start;Shape End;
Number of Curves;Number of Points;LogXScale;;;;;;;
1;100;0;1;2;0;;;;
X-Axis;Unit;Min;Max;;;;;;
DayNumber;#;0;365;;;;;;
Legends;x2;x3;x4;opt1;Opt2;;;;
Current;2;;;;;;;;
Root Depth Function;Depth (m);;;;;;;;
0;;;;;;;;;
8;rStart Value;rOptimum Value;rEnd Value;Start DayNo;Optimum DayNo;End DayNo;Shape Start;Shape End;
Number of Curves;Number of Points;LogXScale;;;;;;;
1;100;0;0;2;0;;;;
X-Axis;Unit;Min;Max;;;;;;
DayNumber;#;0;365;;;;;;
Legends;x2;x3;x4;opt1;Opt2;;;;
Current;2;;;;;;;;
Root Length Function;Length (m);;;;;;;;
0;;;;;;;;;
8;rlStart Value;rlOptimum Value;rlEnd Value;Start DayNo;Optimum DayNo;End DayNo;Shape Start;Shape End;
Number of Curves;Number of Points;LogXScale;;;;;;;
1;100;0;0;2;0;;;;
X-Axis;Unit;Min;Max;;;;;;
DayNumber;#;0;365;;;;;;
Legends;x2;x3;x4;opt1;Opt2;;;;
Current;2;;;;;;;;
Plant Albedo Function;Albedo (%);;;;;;;;
0;;;;;;;;;
8;aStart Value;aOptimum Value;aEnd Value;Start DayNo;Optimum DayNo;End DayNo;Shape Start;Shape End;
Number of Curves;Number of Points;LogXScale;;;;;;;
1;100;0;0;2;0;;;;
X-Axis;Unit;Min;Max;;;;;;
DayNumber;#;0;365;;;;;;
Legends;x2;x3;x4;opt1;Opt2;;;;
Current;2;;;;;;;;
Lohammar VPD Function;Response (-);;;;;;;;
0;;;;;;;;;
1;Conduct VPD;;;;;;;;
Number of Curves;Number of Points;LogXScale;;;;;;;
1;100;0;0;2;0;;;;
X-Axis;Unit;Min;Max;;;;;;
Vapour Pressure Deficit;Pa;0;1000;;;;;;
Legends;x2;x3;x4;opt1;Opt2;;;;
Current;2;;;;;;;;
Lohammar Light Function;Response (-);;;;;;;;
0;;;;;;;;;
1;Conduct Ris;;;;;;;;
Number of Curves;Number of Points;LogXScale;;;;;;;
1;100;0;0;2;0;;;;
X-Axis;Unit;Min;Max;;;;;;
Global Radiation;J/m2/day;0;30000000;;;;;;
Legends;x2;x3;x4;opt1;Opt2;;;;
Current;2;;;;;;;;
Penman Monteith Equation - Radiation Function;Potential Transpiration Rate (mm/day);;;;;;;;
0;;;;;;;;;
7;Conduct Max;Canopy DensMax;Plant AddIndex;Roughness Min;Roughness Max;hOptimum Value;Max Height;;
Number of Curves;Number of Points;LogXScale;;;;;;;
2;100;0;0;2;0;;;;
X-Axis;Unit;Min;Max;;;;;;
Net Radiation;J/m2/day;0;10000000;;;;;;
Legends;x2;x3;x4;opt1;Opt2;;;;
Temp 20 C;100;20;5;;;;;;
Temp 0 C;100;0;5;;;;;;
Penman Monteith Equation - Temperature Function;Potential Transpiration Rate (mm/day);;;;;;;;
0;;;;;;;;;
7;Conduct Max;Canopy DensMax;Plant AddIndex;Roughness Min;Roughness Max;hOptimum Value;Max Height;;
Number of Curves;Number of Points;LogXScale;;;;;;;
2;100;0;0;2;0;;;;
X-Axis;Unit;Min;Max;;;;;;
Air Temperature;C;0;30;;;;;;
Legends;x2;x3;x4;opt1;Opt2;;;;
RH 90%;0;90;5;;;;;;
RH 50%;0;50;5;;;;;;
Surface Resistance - Radiation Function;Surface Resistance (s/m);;;;;;;;
0;;;;;;;;;
1;Conduct Max;;;;;;;;
Number of Curves;Number of Points;LogXScale;;;;;;;
1;100;0;1;2;0;;;;
X-Axis;Unit;Min;Max;;;;;;
Global Radiation;J/m2/day;0;30000000;;;;;;
Legends;x2;x3;x4;opt1;Opt2;;;;
LAI 5 ;0;5;;;;;;;
Surface Resistance - VPD Function;Surface Resistance (s/m);;;;;;;;
0;;;;;;;;;
1;Conduct Max;;;;;;;;
Number of Curves;Number of Points;LogXScale;;;;;;;
1;100;0;0;2;0;;;;
X-Axis;Unit;Min;Max;;;;;;
Vapour Pressure Deficit;Pa;0;1000;;;;;;
Legends;x2;x3;x4;opt1;Opt2;;;;
LAI 5 ;100000000;5;;;;;;;
Aerodynamic Resistance - Wind Function;Aerodynamic Resistance (s/m);;;;;;;;
1;ReferenceHeight;;;;;;;;
6;Canopy DensMax;Plant AddIndex;Roughness Min;Roughness Max;hOptimum Value;Max Height;;;
Number of Curves;Number of Points;LogXScale;;;;;;;
1;100;0;0;2;0;;;;
X-Axis;Unit;Min;Max;;;;;;
Wind Speed;m/s;0,1;10;;;;;;
Legends;x2;x3;x4;opt1;Opt2;;;;
Current;0;0;;;;;;;
Roughness - Height Function;Roughness Length (m);;;;;;;;
0;;;;;;;;;
1;Canopy DensMax;Plant AddIndex;Roughness Min;Roughness Max;;;;;
Number of Curves;Number of Points;LogXScale;;;;;;;
1;100;0;0;2;0;;;;
X-Axis;Unit;Min;Max;;;;;;
Canopy Height;m/s;0,1;30;;;;;;
Legends;x2;x3;x4;opt1;Opt2;;;;
Current;0;0;;;;;;;
Water Interception Function;Interception Capacity (mm);;;;;;;;
2;WaterCapacityBase;WaterCapacityPerLAI;;;;;;;
0;;;;;;;;;
Number of Curves;Number of Points;LogXScale;;;;;;;
1;100;0;0;2;0;;;;
X-Axis;Unit;Min;Max;;;;;;
Leaf Area Index;;0;10;;;;;;
Legends;x2;x3;x4;opt1;Opt2;;;;
Current;0;0;;;;;;;
Water Interception Leaf Cover Function;Degree of Cover (-);;;;;;;;
0;;;;;;;;;
2;LAI Cover Sensitivity;Maximal Cover;;;;;;;
Number of Curves;Number of Points;LogXScale;;;;;;;
1;100;0;0;2;0;;;;
X-Axis;Unit;Min;Max;;;;;;
Leaf Area Index;;0;10;;;;;;
Legends;x2;x3;x4;opt1;Opt2;;;;
Current;0;0;;;;;;;
Potential Evaporation Temp Forest Function;Evaporation Rate (mm/day);;;;;;;;
1;WithinCanopyRes;;;;;;;;
0;;;;;;;;;
Number of Curves;Number of Points;LogXScale;;;;;;;
3;100;0;0;2;0;;;;
X-Axis;Unit;Min;Max;;;;;;
Air Temperature;C;-10;30;;;;;;
Legends;x2;x3;x4;opt1;Opt2;;;;
50 % RH - 5 s/m Ra;0;50;5;;;;;;
70 % RH - 5 s/m Ra;0;70;5;;;;;;
90 % RH - 5 s/m Ra ;0;90;5;;;;;;
Potential Evaporation Temp Grassland Function;Evaporation Rate (mm/day);;;;;;;;
1;WithinCanopyRes;;;;;;;;
0;;;;;;;;;
Number of Curves;Number of Points;LogXScale;;;;;;;
3;100;0;0;2;0;;;;
X-Axis;Unit;Min;Max;;;;;;
Air Temperature;C;-10;30;;;;;;
Legends;x2;x3;x4;opt1;Opt2;;;;
50 % RH - 50 s/m Ra;0;50;50;;;;;;
70 % RH - 50 s/m Ra;0;70;50;;;;;;
90 % RH - 50 s/m Ra ;0;90;50;;;;;;
Potential Evaporation Temp Ra Function;Evaporation Rate (mm/day);;;;;;;;
1;WithinCanopyRes;;;;;;;;
0;;;;;;;;;
Number of Curves;Number of Points;LogXScale;;;;;;;
3;100;0;0;2;0;;;;
X-Axis;Unit;Min;Max;;;;;;
Air Temperature;C;-10;30;;;;;;
Legends;x2;x3;x4;opt1;Opt2;;;;
5 s/m Ra - 70 % RH;0;70;5;;;;;;
20 s/m Ra - 70 % RH;0;70;20;;;;;;
50 s/m Ra - 70 % RH;0;70;50;;;;;;
Potential Evaporation Net Radiation Wet Air Function;Evaporation Rate (mm/day);;;;;;;;
1;WithinCanopyRes;;;;;;;;
0;;;;;;;;;
Number of Curves;Number of Points;LogXScale;;;;;;;
3;100;0;0;2;0;;;;
X-Axis;Unit;Min;Max;;;;;;
Net Radiation;J/m2/day;0;3.00E+07;;;;;;
Legends;x2;x3;x4;opt1;Opt2;;;;
Temp 0 C;0;100;10;;;;;;
Temp 10 C;10;100;10;;;;;;
Temp 20 C;20;100;10;;;;;;
Potential Evaporation Net Radiation Dry Air Forest Function;Evaporation Rate (mm/day);;;;;;;;
1;WithinCanopyRes;;;;;;;;
0;;;;;;;;;
Number of Curves;Number of Points;LogXScale;;;;;;;
3;100;0;0;2;0;;;;
X-Axis;Unit;Min;Max;;;;;;
Net Radiation;J/m2/day;0;3.00E+07;;;;;;
Legends;x2;x3;x4;opt1;Opt2;;;;
Temp 0 C;0;50;5;;;;;;
Temp 10 C;10;50;5;;;;;;
Temp 20 C;20;50;5;;;;;;
Potential Evaporation Net Radiation Dry Air Grassland Function;Evaporation Rate (mm/day);;;;;;;;
1;WithinCanopyRes;;;;;;;;
0;;;;;;;;;
Number of Curves;Number of Points;LogXScale;;;;;;;
3;100;0;0;2;0;;;;
X-Axis;Unit;Min;Max;;;;;;
Net Radiation;J/m2/day;0;3.00E+07;;;;;;
Legends;x2;x3;x4;opt1;Opt2;;;;
Temp 0 C;0;50;50;;;;;;
Temp 10 C;10;50;50;;;;;;
Temp 20 C;20;50;50;;;;;;
Actual Evaporation Function;Fraction of Evaporation (-);;;;;;;;
2;Critical Uptake Frac;FieldCapacity;;;;;;;
0;;;;;;;;;
Number of Curves;Number of Points;LogXScale;;;;;;;
1;100;0;0;2;0;;;;
X-Axis;Unit;Min;Max;;;;;;
SoilStorage;mm;0;100;;;;;;
Legends;x2;x3;x4;opt1;Opt2;;;;
Current;0;0;;;;;;;
Peak Discharge Function;Runoff rate (mm/day);;;;;;;;
2;Discharge K1;Discharge Alfa;;;;;;;
0;;;;;;;;;
Number of Curves;Number of Points;LogXScale;;;;;;;
1;100;0;0;2;0;;;;
X-Axis;Unit;Min;Max;;;;;;
Upper Ground Water;mm;0;100;;;;;;
Legends;x2;x3;x4;opt1;Opt2;;;;
Current;0;0;;;;;;;
Base Discharge Function;Runoff rate (mm/day);;;;;;;;
1;Discharge K2;;;;;;;;
0;;;;;;;;;
Number of Curves;Number of Points;LogXScale;;;;;;;
1;100;0;0;2;0;;;;
X-Axis;Unit;Min;Max;;;;;;
Lower Ground Water;mm;0;100;;;;;;
Legends;x2;x3;x4;opt1;Opt2;;;;
Current;0;0;;;;;;;
HBV GroundWaterLevel Function;Ground Water Level (m);;;;;;;;
1;Discharge K2;;;;;;;;
0;;;;;;;;;
Number of Curves;Number of Points;LogXScale;;;;;;;
1;100;0;0;2;0;;;;
X-Axis;Unit;Min;Max;;;;;;
Ground Water Storage;mm;0;300;;;;;;
Legends;x2;x3;x4;opt1;Opt2;;;;
Current;0;0;;;;;;;
Precipitation Generator;Precipitation Rate (mm/day);;;;;;;;
3;PrecRate;PrecFreq;PrecStartDay;;;;;;
0;;;;;;;;;
Number of Curves;Number of Points;LogXScale;LogYScale;Number of X;opt;;;;
1;100;0;0;1;0;;;;
X-Axis;Unit;Min;Max;;;;;;
DayNumber;#;0;20;;;;;;
Legends;x2;x3;x4;opt1;Opt2;;;;
Current;15;;;;;;;;
Emissivity Long Wave Radiation (Konzelmann);Emissivity;(-);;;;;;;
3;KonzelmannCoef_1;KonzelmannCoef_2;KonzelmannCoef_3;;;;;;
0;;;;;;;;;
Number of Curves;Number of Points;LogXScale;LogYScale;Number of X;opt;;;;
4;100;0;0;1;0;;;;
X-Axis;Unit;Min;Max;;;;;;
Air Temperature;C;-30;30;;;;;;
Legends;x2;x3;x4;opt1;Opt2;;;;
Overcast- dry air;0,3;0;;;;;;;
Clear Sky-dry air;0,3;1;;;;;;;
Overcast- moist air;1;0;;;;;;;
Clear Sky-moist air;1;1;;;;;;;
Emissivity Long Wave Radiation (Satterlund);Emissivity;(-);;;;;;;
2;SatterlundCoef_1;SatterlundCoef_2;;;;;;;
0;;;;;;;;;
Number of Curves;Number of Points;LogXScale;LogYScale;Number of X;opt;;;;
4;100;0;0;1;0;;;;
X-Axis;Unit;Min;Max;;;;;;
Air Temperature;C;-30;30;;;;;;
Legends;x2;x3;x4;opt1;Opt2;;;;
Overcast- dry air;0,3;0;;;;;;;
Clear Sky-dry air;0,3;1;;;;;;;
Overcast- moist air;1;0;;;;;;;
Clear Sky-moist air;1;1;;;;;;;
Emissivity Long Wave Radiation (Brunt);Emissivity;(-);;;;;;;
3;BruntCoef_1;BruntCoef_2;BruntCoef_3;;;;;;
0;;;;;;;;;
Number of Curves;Number of Points;LogXScale;LogYScale;Number of X;opt;;;;
4;100;0;0;1;0;;;;
X-Axis;Unit;Min;Max;;;;;;
Air Temperature;C;-30;30;;;;;;
Legends;x2;x3;x4;opt1;Opt2;;;;
Overcast- dry air;0,3;0;;;;;;;
Clear Sky-dry air;0,3;1;;;;;;;
Overcast- moist air;1;0;;;;;;;
Clear Sky-moist air;1;1;;;;;;;
Photosynthesis Air Temp Response Function;Response (-);;;;;;;;
0;;;;;;;;;
4;T LMin;T LOpt1;T LOpt2;T LMax;;;;;
Number of Curves;Number of Points;LogXScale;;;;;;;
1;100;0;0;1;0;;;;
X-Axis;Unit;Min;Max;;;;;;
Air Temperature;C;0;50;;;;;;
Legends;x2;x3;x4;opt1;Opt2;;;;
Current;2;;;;;;;;
Photosynthesis Air TempSum Response Function;Response (-);;;;;;;;
0;;;;;;k Dry;k Saturated;;
2;TF Sum Start;TF Sum Opt;;;;;;;
Number of Curves;Number of Points;LogXScale;;;;;;;
1;100;0;0;1;0;;;;
X-Axis;Unit;Min;Max;;;;;;
Air Temperature Sum;Degreedays;0;300;;;;;;
Legends;x2;x3;x4;opt1;Opt2;;;;
Current;2;;;;;;;;
Photosynthesis C/N Leaf Response Function;Response (-);;;;;;;;
0;;;;;;;;;
2;CN LOpt;CN LTh;;;;;;;
Number of Curves;Number of Points;LogXScale;;;;;;;
1;100;0;0;1;0;;;;
X-Axis;Unit;Min;Max;;;;;;
CN Ratio Leaf;;10;150;;;;;;
Legends;x2;x3;x4;opt1;Opt2;;;;
Current;2;;;;;;;;
Photosynthesis  Response Function During Grain Filling;Response (-);;;;;;;;
0;;;;;;;;;
1;RadEffRed;;;;;;;;
Number of Curves;Number of Points;LogXScale;;;;;;;
1;100;0;0;1;0;;;;
X-Axis;Unit;Min;Max;;;;;;
Stage of GrainFilling;-0;0;1;;;;;;
Legends;x2;x3;x4;opt1;Opt2;;;;
Current;2;;;;;;;;
Photosynthesis  Light Saturation Function;Phosynthesis Rate (gC/m2/day);;;;;;;;
0;;;;;;;;;
1;Pmax;;;;;;;;
Number of Curves;Number of Points;LogXScale;;;;;;;
1;100;0;0;1;0;;;;
X-Axis;Unit;Min;Max;;;;;;
Potential Photosynthesis rate;gC/m2/day;0;5;;;;;;
Legends;x2;x3;x4;opt1;Opt2;;;;
Current;2;;;;;;;;
Photosynthesis Combined Water and Nitrogen Response Function;Response (-);;;;;;;;
0;;;;;;;;;
2;RelW Water;Minimum Response;;;;;;;
Number of Curves;Number of Points;LogXScale;;;;;;;
2;100;0;0;1;0;;;;
X-Axis;Unit;Min;Max;;;;;;
Relative Water Response;-0;0;1;;;;;;
Legends;x2;x3;x4;opt1;Opt2;;;;
No N Stress;1;;;;;;;;
50 % N Stress;0,5;;;;;;;;
Allocation to Leaf Function;Response (-);;;;;;;;
0;;;;;;;;;
3;Leaf c1;Leaf c2;Leaf c3;;;;;;
Number of Curves;Number of Points;LogXScale;;;;;;;
1;100;0;0;1;0;;;;
X-Axis;Unit;Min;Max;;;;;;
Mass of Leaf;gC/m2;0;10;;;;;;
Legends;x2;x3;x4;opt1;Opt2;;;;
Current;2;;;;;;;;
Allocation to Root Water Function;Response (-);;;;;;;;
0;;;;;;;;;
3;Root Water c1;Root Water c2;Root Water c3;;;;;;
Number of Curves;Number of Points;LogXScale;;;;;;;
1;100;0;0;1;0;;;;
X-Axis;Unit;Min;Max;;;;;;
Ratio AET/PET;;0;1;;;;;;
Legends;x2;x3;x4;opt1;Opt2;;;;
Current;2;;;;;;;;
Allocation to Root CN Leaf Function;Response (-);;;;;;;;
0;;;;;;;;;
3;Root CN c1;Root CN c2;Root CN c3;;;;;;
Number of Curves;Number of Points;LogXScale;;;;;;;
1;100;0;0;1;0;;;;
X-Axis;Unit;Min;Max;;;;;;
CN Ratio Leaf;;0;150;;;;;;
Legends;x2;x3;x4;opt1;Opt2;;;;
Current;2;;;;;;;;
Allocation to Root Above Ground Mass Function;Response (-);;;;;;;;
0;;;;;;;;;
3;Root Mass c1;Root Mass c2;Root Mass c3;;;;;;
Number of Curves;Number of Points;LogXScale;;;;;;;
1;100;0;0;1;0;;;;
X-Axis;Unit;Min;Max;;;;;;
Above Ground Mass;gC/m2;0;300;;;;;;
Legends;x2;x3;x4;opt1;Opt2;;;;
Current;2;;;;;;;;
Allocation from Root to Leaf Function;Allocation Rate (g/m2/day);;;;;;;;
0;;;;;;;;;
2;RateCoef_fRoot;Root Leaf Ratio;;;;;;;
Number of Curves;Number of Points;LogXScale;;;;;;;
1;100;0;0;1;0;;;;
X-Axis;Unit;Min;Max;;;;;;
Root Mass;g/m2;0;50;;;;;;
Legends;x2;x3;x4;opt1;Opt2;;;;
Leaf Mass 10 g/m2;10;;;;;;;;
Thermal Conductivity Soil Function;Thermal Conductivty (W/m/C);;;;;;;;
0;;;;;;;;;
7;ThScaleLog;Quarts;Organic;Sand;Coarse;;;;
Number of Curves;Number of Points;LogXScale;;;;;;;
1;100;0;0;1;0;;;;
X-Axis;Unit;Min;Max;;;;;;
Water Content;vol %;0;60;;;;;;
Legends;x2;x3;x4;opt1;Opt2;;;;
Current;0;;;;;;;;
Thermal Conductivity Dry Soil Function;Thermal Conductivty (W/m/C);;;;;;;;
1;Balland_Arp a;;;;;;;;
0;;;;;;;;;
Number of Curves;Number of Points;LogXScale;;;;;;;
1;100;0;0;1;0;;;;
X-Axis;Unit;Min;Max;;;;;;
Dry Bulk Density;g/cm3;0,1;2;;;;;;
Legends;x2;x3;x4;opt1;Opt2;;;;
Current;0;;;;;;;;
Thermal Conductivity Water Weight Function;Weight Factor Wet Value (-);;;;;;;;
1;Balland_Arp Beta;Balland_Arp Alpha;;;;;;;
0;;;;;;;;;
Number of Curves;Number of Points;LogXScale;;;;;;;
1;100;0;0;1;0;;;;
X-Axis;Unit;Min;Max;;;;;;
Water Content;vol %;0;60;;;;;;
Legends;x2;x3;x4;opt1;Opt2;;;;
Current;0;;;;;;;;
Thermal Conductivity Ice Weight Function;Weight Factor Ice Value (-);;;;;;;;
1;Balland_Arp Beta;;;;;;;;
0;;;;;;;;;
Number of Curves;Number of Points;LogXScale;;;;;;;
1;100;0;0;1;0;;;;
X-Axis;Unit;Min;Max;;;;;;
Water (Ice) Content;vol %;0;60;;;;;;
Legends;x2;x3;x4;opt1;Opt2;;;;
Current;1;;;;;;;;
Day Length During Year Function;Day Length (Minutes);;;;;;;;
1;Latitude;;;;;;;;
0;;;;;;;;;
Number of Curves;Number of Points;LogXScale;;;;;;;
1;100;0;0;1;0;;;;
X-Axis;Unit;Min;Max;;;;;;
Day Number;;0;365,25;;;;;;
Legends;x2;x3;x4;opt1;Opt2;;;;
Current;1;;;;;;;;
Potential Global Radiation Function;Global Radiation (J/m2/day);;;;;;;;
1;Latitude;;;;;;;;
0;;;;;;;;;
Number of Curves;Number of Points;LogXScale;;;;;;;
1;100;0;0;1;0;;;;
X-Axis;Unit;Min;Max;;;;;;
Day Number;;0;365,25;;;;;;
Legends;x2;x3;x4;opt1;Opt2;;;;
Current;1;;;;;;;;
Potential Global Radiation Within Day Function;Global Radiation (J/m2/day);;;;;;;;
1;Latitude;;;;;;;;
0;;;;;;;;;
Number of Curves;Number of Points;LogXScale;;;;;;;
1;100;0;0;1;0;;;;
X-Axis;Unit;Min;Max;;;;;;
Day Number;;0;365,25;;;;;;
Legends;x2;x3;x4;opt1;Opt2;;;;
Current;1;;;;;;;;

Outgoing Long Wave Radiation;Long Wave Radiation (J/m2/day);;;;;;;;
1;Emissivity;;;;;;;;
0;;;;;;;;;
Number of Curves;Number of Points;LogXScale;;;;;;;
1;100;0;0;1;0;;;;
X-Axis;Unit;Min;Max;;;;;;
Temperature;C;-20;40;;;;;;
Legends;x2;x3;x4;opt1;Opt2;;;;
Current;1;;;;;;;;
Air Temperature Altitude Function;Air Temperature (C);;;;;;;;
3;AltMetStation;AltSimPosition;TairLapseRate;;;;;;
0;;;;;;;;;
Number of Curves;Number of Points;LogXScale;;;;;;;
1;100;0;0;1;0;;;;
X-Axis;Unit;Min;Max;;;;;;
Temperature;C;-10;20;;;;;;
Legends;x2;x3;x4;opt1;Opt2;;;;
Current;1;;;;;;;;
Precipitation Correction Function;Precipitation Correction Factor(-);;;;;;;;
4;PrecA0Corr;PrecA1Corr;OnlyRainPrecTemp;OnlySnowPrecTemp;;;;;
0;;;;;;;;;
Number of Curves;Number of Points;LogXScale;;;;;;;
1;100;0;0;1;0;;;;
X-Axis;Unit;Min;Max;;;;;;
Temperature;C;-5;5;;;;;;
Legends;x2;x3;x4;opt1;Opt2;;;;
Current;1;;;;;;;;
Vapour Pressure Air Temperature Function;Vapour Pressure (Pa);;;;;;;;
1;HumRelMean;;;;;;;;
0;;;;;;;;;
Number of Curves;Number of Points;LogXScale;;;;;;;
1;100;0;0;1;0;;;;
X-Axis;Unit;Min;Max;;;;;;
Temperature;C;-10;30;;;;;;
Legends;x2;x3;x4;opt1;Opt2;;;;
Current;1;;;;;;;;
Surface Pool Runoff Function;Surface Runoff (mm/day);;;;;;;;
2;SurfPoolMax;SurfCoef;;;;;;;
0;;;;;;;;;
Number of Curves;Number of Points;LogXScale;;;;;;;
1;100;0;0;1;0;;;;
X-Axis;Unit;Min;Max;;;;;;
Surface Pool;mm;0;50;;;;;;
Legends;x2;x3;x4;opt1;Opt2;;;;
Current;1;;;;;;;;
Surface Pool Cover Function;Degree of Soil Cover (-);;;;;;;;
3;SP Max cover;SPCovPot;SPCoverTotal;;;;;;
0;;;;;;;;;
Number of Curves;Number of Points;LogXScale;;;;;;;
1;100;0;0;1;0;;;;
X-Axis;Unit;Min;Max;;;;;;
Surface Pool;mm;0;50;;;;;;
Legends;x2;x3;x4;opt1;Opt2;;;;
Current;1;;;;;;;;
Temperature Dependence Hydraulic Conductivity Function;Factor (-);;;;;;;;
2;TempFacAtZero;TempFacLinIncrease;;;;;;;
0;;;;;;;;;
Number of Curves;Number of Points;LogXScale;;;;;;;
1;100;0;0;1;0;;;;
X-Axis;Unit;Min;Max;;;;;;
Temperature;C;0;30;;;;;;
Legends;x2;x3;x4;opt1;Opt2;;;;
Current;1;;;;;;;;
Beers Multi Plant Function;Fraction of adsorbed (-);;;;;;;;
0;;;;;;;;;
1;RntLAIv;;;;;;;;
Number of Curves;Number of Points;LogXScale;;;;;;;
1;100;0;0;1;0;;;;
X-Axis;Unit;Min;Max;;;;;;
Leaf Area Index;-0;0;10;;;;;;
Legends;x2;x3;x4;opt1;Opt2;;;;
Current;1;;;;;;;;
Root Depth Exp Function;Fraction of roots (-);;;;;;;;
1;RootFracExpTail;;;;;;;;
0;;;;;;;;;
Number of Curves;Number of Points;LogXScale;;;;;;;
1;100;0;0;1;0;;;;
X-Axis;Unit;Min;Max;;;;;;
Depth;m;0;1;;;;;;
Legends;x2;x3;x4;opt1;Opt2;;;;
Current;1;;;;;;;;
Ground Water Level Function;Ground Water Level (m);;;;;;;;
4;Min_GwLev;Max_GwLev;Sens_GwLev;PowerCoef_GwLev;;;;;
0;;;;;;;;;
Number of Curves;Number of Points;LogXScale;LogYScale;Number of X;opt;;;;
1;100;0;0;1;0;;;;
X-Axis;Unit;Min;Max;;;;;;
Ground Water Storage;(mm);0;200;;;;;;
Legends;x2;x3;x4;opt1;Opt2;;;;
Current;;;;;;;;;
Freezing Start Temperature Function;Freezing Temperature ();;;;;;;;
1;OsmoticScaleSens;;;;;;;;
0;;;;;;;;;
Number of Curves;Number of Points;LogXScale;LogYScale;Number of X;opt;;;;
1;100;1;0;1;0;;;;
X-Axis;Unit;Min;Max;;;;;;
Osmotic Water Potential;(cm Water);1;20000;;;;;;
Legends;x2;x3;x4;opt1;Opt2;;;;
Current;;;;;;;;;
Diffussion in Soil Air Function;CO2 Diffussion Coef (m2/2);;;;;;;;
4;D CO2 Tortuosity;D CO2 PowerCoef;D CO2 AirThreshold;D CO2 Min Value Soil;;;;;
0;;;;;;;;;
Number of Curves;Number of Points;LogXScale;LogYScale;Number of X;opt;;;;
1;100;0;0;1;0;;;;
X-Axis;Unit;Min;Max;;;;;;
Air Filled pore volume;(vol %);0.;60;;;;;;
Legends;x2;x3;x4;opt1;Opt2;;;;
Current;;;;;;;;;
